/* Insert Sequence */
/*
STUDENT_ENROLLMENT_INFO
DEPARTMENT
PATRON
STUDENT
COURSE
FACULTY
TEACHES
ENROLLS
LIBRARY
LIBRARY_RESOURCE
PUBLICATION
AUTHOR
JOURNAL
CONF_PROCEEDINGS
BOOK
COURSE_RESERVATION
CHECKOUT
QUEUE
REG_HOLD
BILL
REMINDER
CAMERA
CAM_QUEUE
CAMERA_CHECKOUT
ROOM_CONSTRAINT
ROOM
ROOM_CHECKOUT
LOGIN

*/

/*("S_ENROLLMENT_INFO_ID","S_CLASSIFICATION","S_DEGREE_PROGRAM","S_CATEGORY_OF_STUDENT")*/
INSERT INTO STUDENT_ENROLLMENT_INFO values (1,'Undergraduate','BS','First Year');
INSERT INTO STUDENT_ENROLLMENT_INFO values (2,'Undergraduate','BS','Second Year');
INSERT INTO STUDENT_ENROLLMENT_INFO values (3,'Undergraduate','BS','Third Year');
INSERT INTO STUDENT_ENROLLMENT_INFO values (4,'Undergraduate','BS','Fourth Year');
INSERT INTO STUDENT_ENROLLMENT_INFO values (5,'Graduate','MS','First Year');
INSERT INTO STUDENT_ENROLLMENT_INFO values (6,'Graduate','MS','Second Year');
INSERT INTO STUDENT_ENROLLMENT_INFO values (7,'Graduate','MA','First Year');
INSERT INTO STUDENT_ENROLLMENT_INFO values (8,'Graduate','MA','Second Year');
INSERT INTO STUDENT_ENROLLMENT_INFO values (9,'Graduate','PhD','First Year');
INSERT INTO STUDENT_ENROLLMENT_INFO values (10,'Graduate','PhD','Second Year');
INSERT INTO STUDENT_ENROLLMENT_INFO values (11,'Graduate','PhD','Third Year');
INSERT INTO STUDENT_ENROLLMENT_INFO values (12,'Graduate','PhD','Fourth Year');
INSERT INTO STUDENT_ENROLLMENT_INFO values (13,'Graduate','PhD','Fifth Year');
INSERT INTO STUDENT_ENROLLMENT_INFO values (14,'Graduate','Post Doc','First Year');
INSERT INTO STUDENT_ENROLLMENT_INFO values (15,'Graduate','Post Doc','Second Year');
INSERT INTO STUDENT_ENROLLMENT_INFO values (16,'Graduate','Post Doc','Third Year');
INSERT INTO STUDENT_ENROLLMENT_INFO values (17,'Graduate','Post Doc','Fourth Year');
INSERT INTO STUDENT_ENROLLMENT_INFO values (18,'Graduate','Post Doc','Fifth Year');


/*("D_NAME")*/
INSERT INTO "DEPARTMENT" values ('Chemistry');


/*("P_ID","P_DEPARTMENT","P_TYPE","SUSPENDED")*/

INSERT INTO "PATRON" values ('S1','Jesse','Pinkman','Chemistry','Student','0');
INSERT INTO "PATRON" values ('S2','Walt','Jr','Chemistry','Student','0');
INSERT INTO "PATRON" values ('S3','Gale','Boetticher','Chemistry','Student','0');
INSERT INTO "PATRON" values ('S4','Saul','Goodman','Chemistry','Student','0');

INSERT INTO "PATRON" values ('F1','Walter','White','Chemistry','Faculty','0');
INSERT INTO "PATRON" values ('F2','Gustavo','Fring','Chemistry','Faculty','0');
INSERT INTO "PATRON" values ('F3','Hank','Schrader','Chemistry','Faculty','0');
INSERT INTO "PATRON" values ('F4','Skyler','White','Chemistry','Faculty','0');

/*"S_NUMBER","S_FIRST_NAME","S_LAST_NAME","S_PHONE_NO","S_ALTERNATE_PHONE_NO","S_ADDRESS","S_DOB","S_SEX","S_NATIONALITY","S_ENROLLMENT_ID" */
INSERT INTO STUDENT values ('S1','123456789','123456787','1511 Graduate Lane, Raleigh, NC 27606',TO_DATE('1988-10-03','yyyy-mm-dd'),'Male','American',1);
INSERT INTO STUDENT values ('S2','123456780','123456781','1512 Graduate Lane, Raleigh, NC 27606',TO_DATE('1988-11-03','yyyy-mm-dd'),'Male','American',2);
INSERT INTO STUDENT values ('S3','123456782','123456783','1513 Graduate Lane, Raleigh, NC 27606',TO_DATE('1988-12-03','yyyy-mm-dd'),'Male','Chile',3);
INSERT INTO STUDENT values ('S4','123456784','123456783','1514 Graduate Lane, Raleigh, NC 27606',TO_DATE('1988-01-03','yyyy-mm-dd'),'Male','American',6);


/*("COURSE_ID","COURSE_NAME","COURSE_DESCRIPTION","ROOM_NO","INTAKE" )*/
INSERT INTO COURSE VALUES ('CH101', 'Chemistry First', 'Introduction to Chemistry', '200', 55);
INSERT INTO COURSE VALUES ('CH102', 'Chemistry Second', 'Introduction to Organic Chemistry', '201', 75);
INSERT INTO COURSE VALUES ('CH103', 'Chemistry Third', 'Introduction to Physical Chemistry', '202', 120);
INSERT INTO COURSE VALUES ('CH104', 'Chemistry Fourth', 'Introduction to Inorganic Chemistry', '201', 80);

/*"F_NUMBER","F_FIRST_NAME","F_LAST_NAME","F_CATEGORY","F_NATIONALITY" */
INSERT INTO FACULTY VALUES ('F1','Professor','American');
INSERT INTO FACULTY VALUES ('F2','Professor','American');
INSERT INTO FACULTY VALUES ('F3','Professor','American');
INSERT INTO FACULTY VALUES ('F4','Professor','American');

/*"COURSE_NUMBER","FACULTY_ID" */
INSERT INTO TEACHES VALUES('CH101','F1');
INSERT INTO TEACHES VALUES('CH102','F2');
INSERT INTO TEACHES VALUES('CH103','F3');
INSERT INTO TEACHES VALUES('CH104','F4');


/*"STUDENT_ID","COURSE_NO"*/
INSERT INTO ENROLLS VALUES ('S1','CH101');
INSERT INTO ENROLLS VALUES ('S2','CH101');
INSERT INTO ENROLLS VALUES ('S3','CH101');

INSERT INTO ENROLLS VALUES ('S2','CH102');
INSERT INTO ENROLLS VALUES ('S3','CH102');
INSERT INTO ENROLLS VALUES ('S4','CH102');

INSERT INTO ENROLLS VALUES ('S3','CH103');
INSERT INTO ENROLLS VALUES ('S4','CH103');
INSERT INTO ENROLLS VALUES ('S1','CH103');

INSERT INTO ENROLLS VALUES ('S1','CH104');
INSERT INTO ENROLLS VALUES ('S2','CH104');
INSERT INTO ENROLLS VALUES ('S4','CH104');

/*"LIBRARY_NAME"*/
INSERT INTO LIBRARY VALUES ('J. B. Hunt');
INSERT INTO LIBRARY VALUES ('D. H. Hill');

/*"R_ID","LIBRARY_NAME","AVAIL","RESOURCE_TYPE"*/
INSERT INTO LIBRARY_RESOURCE VALUES(1,'J. B. Hunt','1','Journal');
INSERT INTO LIBRARY_RESOURCE VALUES(2,'J. B. Hunt','1','Journal');

INSERT INTO LIBRARY_RESOURCE VALUES(3,'J. B. Hunt','1','ConferenceProceeding');
INSERT INTO LIBRARY_RESOURCE VALUES(4,'J. B. Hunt','1','ConferenceProceeding');

INSERT INTO LIBRARY_RESOURCE VALUES(5,'J. B. Hunt','1','Book');
INSERT INTO LIBRARY_RESOURCE VALUES(6,'J. B. Hunt','1','Book');
INSERT INTO LIBRARY_RESOURCE VALUES(7,'J. B. Hunt','1','Book');
INSERT INTO LIBRARY_RESOURCE VALUES(8,'J. B. Hunt','1','Book');

INSERT INTO LIBRARY_RESOURCE VALUES(9,'J. B. Hunt','1','Book');
INSERT INTO LIBRARY_RESOURCE VALUES(10,'J. B. Hunt','1','Book');
INSERT INTO LIBRARY_RESOURCE VALUES(11,'J. B. Hunt','1','Book');
INSERT INTO LIBRARY_RESOURCE VALUES(12,'J. B. Hunt','1','Book');

INSERT INTO LIBRARY_RESOURCE VALUES(13,'J. B. Hunt','1','Book');
INSERT INTO LIBRARY_RESOURCE VALUES(14,'J. B. Hunt','1','Book');

INSERT INTO LIBRARY_RESOURCE VALUES(15,'J. B. Hunt','1','Book');
INSERT INTO LIBRARY_RESOURCE VALUES(16,'J. B. Hunt','1','Book');

INSERT INTO LIBRARY_RESOURCE VALUES(17,'J. B. Hunt','1','Camera');
INSERT INTO LIBRARY_RESOURCE VALUES(18,'J. B. Hunt','0','Camera');
INSERT INTO LIBRARY_RESOURCE VALUES(19,'J. B. Hunt','0','Camera');

INSERT INTO LIBRARY_RESOURCE VALUES(20,'J. B. Hunt','1','Room');
INSERT INTO LIBRARY_RESOURCE VALUES(21,'J. B. Hunt','1','Room');
INSERT INTO LIBRARY_RESOURCE VALUES(22,'D. H. Hill','1','Room');
INSERT INTO LIBRARY_RESOURCE VALUES(23,'J. B. Hunt','1','Room');
INSERT INTO LIBRARY_RESOURCE VALUES(24,'J. B. Hunt','1','Room');
INSERT INTO LIBRARY_RESOURCE VALUES(25,'D. H. Hill','1','Room');
INSERT INTO LIBRARY_RESOURCE VALUES(26,'J. B. Hunt','1','Room');



/* "PUBLICATION_ID"*/
INSERT INTO PUBLICATION VALUES('B1','Introduction to Chemistry','2005');
INSERT INTO PUBLICATION VALUES('B2','Introduction to Organic Chemistry','2006');
INSERT INTO PUBLICATION VALUES('B3','Introduction to Physical Chemistry','2000');
INSERT INTO PUBLICATION VALUES('B4','Introduction to Inorganic Chemistry','2005');

INSERT INTO PUBLICATION VALUES('J1','Journal of Web Semantic','2010');
INSERT INTO PUBLICATION VALUES('J2','International Journal on Semantic Web and Information','2011');

INSERT INTO PUBLICATION VALUES('C1','Optimization Techniques for Large Scale Graph Analytics on Map Reduce','2013');
INSERT INTO PUBLICATION VALUES('C2','An agglomerative query model for discovery in linked data: semantics and approach','2014');

/*"PUBLICATION_ID","AUTHOR_NAME"*/
INSERT INTO AUTHOR VALUES('B1','SK Goyal');
INSERT INTO AUTHOR VALUES('B2','HC Verma');
INSERT INTO AUTHOR VALUES('B3','Resnick');
INSERT INTO AUTHOR VALUES('B3','Halliday');
INSERT INTO AUTHOR VALUES('B3','Walker');
INSERT INTO AUTHOR VALUES('B4','HC Verma');

INSERT INTO AUTHOR VALUES('J1','Roberto Navigli');
INSERT INTO AUTHOR VALUES('J2','Tim Berners Lee');

INSERT INTO AUTHOR VALUES('C1','HyeongSik Kim');
INSERT INTO AUTHOR VALUES('C2','Sidan Gao');


/* "R_ID","ISSN","YEAR_PUBLISHED","J_TITLE","P_TYPE"*/
INSERT INTO JOURNAL VALUES(1,'J1','Hardcopy');
INSERT INTO JOURNAL VALUES(2,'J2','Hardcopy');

/*"R_ID","CONF_NUM","YEAR_PUBLISHED","NAME_OF_CONFERENCE","C_TITLE","P_TYPE"*/
INSERT INTO CONF_PROCEEDINGS VALUES(3,'C1','WWW','Hardcopy');
INSERT INTO CONF_PROCEEDINGS VALUES(4,'C2','SIGMOD','Hardcopy');



/*"R_ID","ISBN","B_TITLE","B_EDITION","YEAR_PUBLISHED","B_PUBLISHER","P_TYPE"*/
INSERT INTO BOOK VALUES(5,'B1','1','Pub1','Hardcopy');
INSERT INTO BOOK VALUES(6,'B1','1','Pub1','Hardcopy');

INSERT INTO BOOK VALUES(7,'B1','1','Pub1','Electronic');
INSERT INTO BOOK VALUES(8,'B1','1','Pub1','Electronic');

INSERT INTO BOOK VALUES(9,'B2','2','Pub2','Hardcopy');
INSERT INTO BOOK VALUES(10,'B2','2','Pub2','Hardcopy');

INSERT INTO BOOK VALUES(11,'B2','2','Pub2','Electronic');
INSERT INTO BOOK VALUES(12,'B2','2','Pub2','Electronic');

INSERT INTO BOOK VALUES(13,'B3','3','Pub3','Hardcopy');
INSERT INTO BOOK VALUES(14,'B3','3','Pub3','Hardcopy');

INSERT INTO BOOK VALUES(15,'B4','4','Pub4','Hardcopy');
INSERT INTO BOOK VALUES(16,'B4','4','Pub4','Hardcopy');


/*"F_NUMBER","COURSE_ID","ISBN","START_DATE","END_DATE"*/
INSERT INTO COURSE_RESERVATION VALUES ('F1','CH101','B1',TO_DATE('2015-11-01','yyyy-mm-dd'),TO_DATE('2015-12-01','yyyy-mm-dd'));
INSERT INTO COURSE_RESERVATION VALUES ('F3','CH103','B3',TO_DATE('2015-11-01','yyyy-mm-dd'),TO_DATE('2015-12-01','yyyy-mm-dd'));

/* "C_ID","R_ID","P_ID","START_DATE","END_DATE","RETURN_DATE" */

INSERT INTO CHECKOUT VALUES(1,10,'S1',TO_DATE('2015-11-08','yyyy-mm-dd'),TO_DATE('2015-11-13','yyyy-mm-dd'),TO_DATE('2015-11-13','yyyy-mm-dd'));
INSERT INTO CHECKOUT VALUES(2,15,'S4',TO_DATE('2015-11-07','yyyy-mm-dd'),TO_DATE('2015-11-11','yyyy-mm-dd'),TO_DATE('2015-11-11','yyyy-mm-dd'));
INSERT INTO CHECKOUT VALUES(3,9,'S2',TO_DATE('2015-08-01','yyyy-mm-dd'),TO_DATE('2015-08-08','yyyy-mm-dd'), NULL);
INSERT INTO CHECKOUT VALUES(4,16,'S3',TO_DATE('2015-10-01','yyyy-mm-dd'),TO_DATE('2015-10-10','yyyy-mm-dd'), NULL);


/* Q_ID","R_ID","P_ID */
/* INSERT INTO QUEUE VALUES(1,'1','S1')*/

/* S_NUMBER*/
/* INSERT INTO REG_HOLD('S1') */

/* B_ID","R_ID","P_ID","AMOUNT","B_DATE","RETURN_DATE","ACTIVE" */
/*  INSERT INTO BILL VALUES (1,9,'S2','20',TO_DATE('2015-08-09','yyyy-mm-dd'),null,'1') */
/* INSERT INTO BILL VALUES (2,15,'S3','20',TO_DATE('2015-10-11','yyyy-mm-dd'),null,'1') */

/*  REMIND_ID","R_ID,"P_ID","REMINDER_DESCRIPTION","REMINDER_DATE */
/* INSERT INTO REMINDER VALUES (1,9,'S2','Late fee',TO_DATE('2015-10-11','yyyy-mm-dd'))  */

/*  R_ID","CAM_ID","MAKE","MODEL","LENS_CONFIG","MEMORY  */

INSERT INTO CAMERA VALUES(17,'CA1','Olympus','E-620','14-42mm lens 1:3.5-5.6','16G');
INSERT INTO CAMERA VALUES(18,'CA2','Cannon','EOS Rebel T4i','18-135mm EF-S IS STM Lens','32G');
INSERT INTO CAMERA VALUES(19,'CA3','Cannon','EOS Rebel T4i','18-135mm EF-S IS STM Lens','32G');


/*"Q_ID","R_ID","P_ID","HH24:MI:SSOUT_DATE","CONSIDERED"*/
INSERT INTO CAM_QUEUE VALUES(1,19,'S3',TO_DATE('2015-11-13','yyyy-mm-dd'),0);
INSERT INTO CAM_QUEUE VALUES(2,17,'S1',TO_DATE('2015-10-30','yyyy-mm-dd'),1);
INSERT INTO CAM_QUEUE VALUES(3,18,'S2',TO_DATE('2015-10-16','yyyy-mm-dd'),1);


/*"C_ID","P_ID","R_ID","HH24:MI:SSOUT_DATE","DUE_DATE","HH24:MI:SSED_OUT","RETURN_DATE"	*/
INSERT INTO CAMERA_CHECKOUT VALUES(100000,'S3',19,TO_DATE('2015-11-13','yyyy-mm-dd'),TO_DATE('2015-11-19','yyyy-mm-dd'),0,NULL);
INSERT INTO CAMERA_CHECKOUT VALUES(100001,'S1',17,TO_DATE('2015-10-30','yyyy-mm-dd'),TO_DATE('2015-11-05','yyyy-mm-dd'),1,NULL);
INSERT INTO CAMERA_CHECKOUT VALUES(100002,'S2',18,TO_DATE('2015-10-16','yyyy-mm-dd'),TO_DATE('2015-10-22','yyyy-mm-dd'),1,NULL);


/* "RC_ID","TYPE","LIBRARY_NAME","ACCESIBLE"*/
INSERT INTO ROOM_CONSTRAINT VALUES(1,'Conference Room','J. B. Hunt');
INSERT INTO ROOM_CONSTRAINT VALUES(2,'Study Room','J. B. Hunt');
INSERT INTO ROOM_CONSTRAINT VALUES(3,'Study Room','D. H. Hill');


/*"R_ID","ROOM_NO","POSITION","CAPACITY","RC_ID"*/
INSERT INTO ROOM VALUES(20,'R1','3rd Floor',2,1);
INSERT INTO ROOM VALUES(21,'R2','3rd Floor',3,2);
INSERT INTO ROOM VALUES(22,'R3','2nd Floor',4,3);
INSERT INTO ROOM VALUES(23,'R4','3rd Floor',3,1);
INSERT INTO ROOM VALUES(24,'R5','3rd Floor',4,2);
INSERT INTO ROOM VALUES(25,'R6','3rd Floor',4,3);
INSERT INTO ROOM VALUES(26,'R7','2nd Floor',2,2);

/*"C_ID","R_ID","P_ID","START_DATE","END_DATE","HH24:MI:SSEDOUT" */
INSERT INTO ROOM_CHECKOUT VALUES(1,22,'F1',TO_DATE('2015-11-01 9:00:00', 'YYYY-MM-DD HH24:MI:SS'),TO_DATE('2015-11-01 11:30:00', 'YYYY-MM-DD HH24:MI:SS'),'3');
INSERT INTO ROOM_CHECKOUT VALUES(2,24,'S1',TO_DATE('2015-10-12 15:00:00', 'YYYY-MM-DD HH24:MI:SS'),TO_DATE('2015-10-12 17:00:00', 'YYYY-MM-DD HH24:MI:SS'),'2');
INSERT INTO ROOM_CHECKOUT VALUES(3,25,'F4',TO_DATE('2015-11-02 11:00:00', 'YYYY-MM-DD HH24:MI:SS'),TO_DATE('2015-11-02 13:30:00', 'YYYY-MM-DD HH24:MI:SS'),3);
INSERT INTO ROOM_CHECKOUT VALUES(4,20,'F2',TO_DATE('2015-10-20 9:00:00', 'YYYY-MM-DD HH24:MI:SS'),TO_DATE('2015-10-20 10:30:00', 'YYYY-MM-DD HH24:MI:SS'),'2');


/*"P_ID","USER_ID","PASSWORD"*/
INSERT INTO LOGIN VALUES('S1','jpink','jpink');
INSERT INTO LOGIN VALUES('S2','wjr','wjr');
INSERT INTO LOGIN VALUES('S3','gboet','gboet');
INSERT INTO LOGIN VALUES('S4','sgood','sgood');

INSERT INTO LOGIN VALUES('F1','wwhite','wwhite');
INSERT INTO LOGIN VALUES('F2','gfring','gfring');
INSERT INTO LOGIN VALUES('F3','hschrad','hschrad');
INSERT INTO LOGIN VALUES('F4','swhite','swhite');
